{"info":{"_postman_id":"deeca8fb-8585-4ae4-834a-0953eafda18c","name":"Natours","schema":"https://schema.getpostman.com/json/collection/v2.1.0/collection.json"},"item":[{"name":"Tours","item":[{"name":"Select all Tours","id":"73793332-c4c1-4b72-82f4-6b96afc6f2fc","protocolProfileBehavior":{"disableBodyPruning":true},"request":{"auth":{"type":"bearer","bearer":[{"key":"token","value":"{{jwt}}","type":"string"}]},"method":"GET","header":[],"url":{"raw":"{{URL}}api/v1/tours/","host":["{{URL}}api"],"path":["v1","tours",""]}},"response":[]},{"name":"Add a Tour","id":"af05d25e-9346-44a2-b529-7ffa553207a1","protocolProfileBehavior":{"disableBodyPruning":true},"request":{"method":"POST","header":[],"body":{"mode":"raw","raw":"{\r\n    \"name\": \"Tour Sample Again\",\r\n    \"duration\": 500,\r\n    \"maxGroupSize\": 5,\r\n    \"difficulty\":\"easy\",\r\n    \"price\":421,\r\n    \"description\":\"Sample description\",\r\n    \"imageCover\":\"sample cover\",\r\n    \"guides\": [\r\n        \"652e9bf643d32e1e08dc8112\",\r\n        \"6533d7bd676fab30c8da7e16\"\r\n    ]\r\n}","options":{"raw":{"language":"json"}}},"url":{"raw":"{{URL}}api/v1/tours/","host":["{{URL}}api"],"path":["v1","tours",""]}},"response":[]},{"name":"Select A Tour","id":"f931cbb8-b2a0-4d3f-b6fe-54fe2ce2bbf8","protocolProfileBehavior":{"disableBodyPruning":true},"request":{"auth":{"type":"bearer","bearer":[{"key":"token","value":"{{jwt}}","type":"string"}]},"method":"GET","header":[],"url":{"raw":"{{URL}}api/v1/tours/5c88fa8cf4afda39709c2951","host":["{{URL}}api"],"path":["v1","tours","5c88fa8cf4afda39709c2951"]}},"response":[]},{"name":"Update Tour","id":"74a857ae-4c12-4dbc-b1d0-7c44f35d339c","protocolProfileBehavior":{"disableBodyPruning":true},"request":{"method":"PATCH","header":[],"body":{"mode":"raw","raw":"  {\r\n       \"guides\": [\r\n        \"652e9bf643d32e1e08dc8112\",\r\n        \"6533d7bd676fab30c8da7e16\",\r\n        \"652ea11ca5e7c12814531b46\"\r\n    ]\r\n  }","options":{"raw":{"language":"json"}}},"url":{"raw":"{{URL}}api/v1/tours/5c88fa8cf4afda39709c2951","host":["{{URL}}api"],"path":["v1","tours","5c88fa8cf4afda39709c2951"]}},"response":[]},{"name":"Delete a Tour","id":"08f2a71e-9e87-4215-b199-6728099d8fc2","protocolProfileBehavior":{"disableBodyPruning":true},"request":{"auth":{"type":"bearer","bearer":[{"key":"token","value":"{{jwt}}","type":"string"}]},"method":"DELETE","header":[],"url":{"raw":"{{URL}}api/v1/tours/6592863b2bcba704a0b848f7","host":["{{URL}}api"],"path":["v1","tours","6592863b2bcba704a0b848f7"]}},"response":[]},{"name":"Get Tour Stats","id":"ebc5429e-c13a-4aea-a1e8-bba675076215","protocolProfileBehavior":{"disableBodyPruning":true},"request":{"method":"GET","header":[],"url":{"raw":"{{URL}}api/v1/tours/tour-stats","host":["{{URL}}api"],"path":["v1","tours","tour-stats"]}},"response":[]},{"name":"Tour Features","id":"49f7259e-1432-47c9-83b3-5ffc063d200b","protocolProfileBehavior":{"disableBodyPruning":true},"request":{"method":"GET","header":[],"url":{"raw":"{{URL}}api/v1/tours/?duration[gte]=10&sort=price","host":["{{URL}}api"],"path":["v1","tours",""],"query":[{"key":"duration[gte]","value":"10"},{"key":"sort","value":"price"}]}},"response":[]}],"id":"4bcade35-0d2c-406c-bc0a-1dd0bf98e4c2"},{"name":"Tour / Review","item":[{"name":"Create Review On Tour","id":"be2d00ba-f454-402e-8957-871cce08f315","protocolProfileBehavior":{"disableBodyPruning":true},"request":{"auth":{"type":"bearer","bearer":[{"key":"token","value":"{{jwt}}","type":"string"}]},"method":"POST","header":[],"body":{"mode":"raw","raw":"{\r\n    \"rating\":5,\r\n    \"review\": \"nice tour\"\r\n}","options":{"raw":{"language":"json"}}},"url":{"raw":"{{URL}}api/v1/tours/5c88fa8cf4afda39709c2961/reviews","host":["{{URL}}api"],"path":["v1","tours","5c88fa8cf4afda39709c2961","reviews"]}},"response":[]},{"name":"Get All Review in a Tour","id":"3e461163-f2f2-44d0-9034-7416f576f6d3","protocolProfileBehavior":{"disableBodyPruning":true},"request":{"method":"GET","header":[],"url":{"raw":"{{URL}}api/v1/tours/5c88fa8cf4afda39709c2955/reviews","host":["{{URL}}api"],"path":["v1","tours","5c88fa8cf4afda39709c2955","reviews"]}},"response":[]}],"id":"d7e35ad0-58d6-42a6-bfc0-ffe1ed03e77c"},{"name":"Auth","item":[{"name":"Sign Up","event":[{"listen":"test","script":{"id":"b102663b-8d14-4a5b-bf41-e06cef9b2be5","exec":["pm.environment.set(\"jwt\", pm.response.json().token);"],"type":"text/javascript"}}],"id":"10734e27-9cfb-484d-8ea0-895270640a63","protocolProfileBehavior":{"disableBodyPruning":true},"request":{"auth":{"type":"noauth"},"method":"POST","header":[],"body":{"mode":"raw","raw":"{\r\n    \"name\": \"cookieAdmin\",\r\n    \"email\": \"cookie@admin.com\",\r\n    \"password\": \"mikemike\",\r\n    \"passwordConfirm\": \"mikemike\",\r\n    \"role\": \"admin\"\r\n}","options":{"raw":{"language":"json"}}},"url":{"raw":"{{URL}}api/v1/users/signup/","host":["{{URL}}api"],"path":["v1","users","signup",""]}},"response":[]},{"name":"Login","event":[{"listen":"test","script":{"id":"48a0cc9f-7bcd-4e1c-9f97-1c077f160de7","exec":["pm.environment.set(\"jwt\", pm.response.json().token);"],"type":"text/javascript"}}],"id":"e7f5db58-a78a-4cf6-b337-2fda7fd72b8a","protocolProfileBehavior":{"disableBodyPruning":true},"request":{"auth":{"type":"noauth"},"method":"POST","header":[],"body":{"mode":"raw","raw":"{\r\n    \"email\": \"mike@admin.com\",\r\n    \"password\": \"mikeadmin\"\r\n}","options":{"raw":{"language":"json"}}},"url":{"raw":"{{URL}}api/v1/users/login/","host":["{{URL}}api"],"path":["v1","users","login",""]}},"response":[]},{"name":"Forgot Password","event":[{"listen":"test","script":{"id":"d6c48393-59cd-4f11-a1e0-68ea8575a515","exec":["pm.environment.set(\"jwt\", pm.response.json().token);"],"type":"text/javascript"}}],"id":"a52f1648-1ecf-4019-95a9-7083b19dad0e","protocolProfileBehavior":{"disableBodyPruning":true},"request":{"auth":{"type":"bearer","bearer":[{"key":"token","value":"{{jwt}}","type":"string"}]},"method":"POST","header":[],"body":{"mode":"raw","raw":"{\r\n    \"email\": \"mike@admin.com\"\r\n}","options":{"raw":{"language":"json"}}},"url":{"raw":"{{URL}}api/v1/users/forgotPassword/","host":["{{URL}}api"],"path":["v1","users","forgotPassword",""]}},"response":[]},{"name":"Reset Password","event":[{"listen":"test","script":{"id":"0fb7ca46-3dd4-4288-9cc1-848d78aabc64","exec":["pm.environment.set(\"jwt\", pm.response.json().token);"],"type":"text/javascript"}}],"id":"f18118d7-8195-4d6b-888d-c2acc06257ba","protocolProfileBehavior":{"disableBodyPruning":true},"request":{"auth":{"type":"bearer","bearer":[{"key":"token","value":"{{jwt}}","type":"string"}]},"method":"PATCH","header":[],"body":{"mode":"raw","raw":"{\r\n    \"password\": \"mikeadmin\",\r\n    \"passwordConfirm\": \"mikeadmin\"\r\n}","options":{"raw":{"language":"json"}}},"url":{"raw":"{{URL}}api/v1/users/resetPassword/a02ed2e7a64d5b3b7420bc9ef7c2d29ec46805f999a68c88d2c562678a5fa43b","host":["{{URL}}api"],"path":["v1","users","resetPassword","a02ed2e7a64d5b3b7420bc9ef7c2d29ec46805f999a68c88d2c562678a5fa43b"]}},"response":[]},{"name":"Update Password","event":[{"listen":"test","script":{"id":"bd79da64-03dc-450d-a921-73894bd993e4","exec":["pm.environment.set(\"jwt\", pm.response.json().token);"],"type":"text/javascript"}}],"id":"91dbf956-0965-4756-9a1e-8aad107ef5e0","protocolProfileBehavior":{"disableBodyPruning":true},"request":{"auth":{"type":"bearer","bearer":[{"key":"token","value":"{{jwt}}","type":"string"}]},"method":"PATCH","header":[],"body":{"mode":"raw","raw":"{\r\n    \"passwordCurrent\": \"mikeadminnew\",\r\n    \"password\": \"mikeadmin\",\r\n    \"passwordConfirm\": \"mikeadmin\"\r\n}","options":{"raw":{"language":"json"}}},"url":{"raw":"{{URL}}api/v1/users/updateMyPassword","host":["{{URL}}api"],"path":["v1","users","updateMyPassword"]}},"response":[]}],"id":"94189630-375f-45a2-8948-143ab370984a"},{"name":"Users","item":[{"name":"Get All Users","id":"1513f04e-55c5-43fa-9697-4d218128cb05","protocolProfileBehavior":{"disableBodyPruning":true},"request":{"method":"GET","header":[],"url":{"raw":"{{URL}}api/v1/users","host":["{{URL}}api"],"path":["v1","users"]}},"response":[]},{"name":"Get User","id":"f22fb372-be92-4075-8cd4-a7fca119fae8","protocolProfileBehavior":{"disableBodyPruning":true},"request":{"method":"GET","header":[],"url":{"raw":"{{URL}}api/v1/users/652e9bf643d32e1e08dc8112","host":["{{URL}}api"],"path":["v1","users","652e9bf643d32e1e08dc8112"]}},"response":[]},{"name":"Update Current User Data","event":[{"listen":"test","script":{"id":"eccea0a3-581a-4d7e-9156-2fe3963cf4af","exec":[""],"type":"text/javascript"}}],"id":"1d18ad4a-14f6-4fe0-bcdd-7461bb3dcb0c","protocolProfileBehavior":{"disableBodyPruning":true},"request":{"auth":{"type":"bearer","bearer":[{"key":"token","value":"{{jwt}}","type":"string"}]},"method":"PATCH","header":[{"key":"Authorization","value":"Bearer eyJhbGciOiJIUzI1NiIsInR5cCI6IkpXVCJ9.eyJpZCI6IjY1MzNjNTc3MDY0MmMzMTRjMGQwYTk5ZSIsImlhdCI6MTY5Nzg5MjUwNSwiZXhwIjoyNTYxMDI4NTA1fQ.eOy2Pek4giviyo2j6dzPfMdXjJ37Ijhdprm3fWTMhPA","type":"text","disabled":true}],"body":{"mode":"raw","raw":"{\r\n    \"name\": \"Mike Admin Renamed\"\r\n}","options":{"raw":{"language":"json"}}},"url":{"raw":"{{URL}}api/v1/users/updateMe/","host":["{{URL}}api"],"path":["v1","users","updateMe",""]}},"response":[]},{"name":"Delete Current User / Set to inactive","id":"b1b6890f-250d-4c56-9308-26b5c5161ec0","protocolProfileBehavior":{"disableBodyPruning":true},"request":{"auth":{"type":"bearer","bearer":[{"key":"token","value":"{{jwt}}","type":"string"}]},"method":"DELETE","header":[],"url":{"raw":"{{URL}}api/v1/users/deleteMe/","host":["{{URL}}api"],"path":["v1","users","deleteMe",""]}},"response":[]},{"name":"Delete User","id":"36cf17ea-310a-4017-a6df-8cce10840b0a","protocolProfileBehavior":{"disableBodyPruning":true},"request":{"method":"DELETE","header":[],"url":{"raw":"{{URL}}api/v1/users/653dd4a32eb02c25e0c2cd1d","host":["{{URL}}api"],"path":["v1","users","653dd4a32eb02c25e0c2cd1d"]}},"response":[]},{"name":"User Features","id":"531dd4d1-6dbb-4f0d-a7cc-becbbb4ce623","protocolProfileBehavior":{"disableBodyPruning":true},"request":{"method":"GET","header":[]},"response":[]}],"id":"fd0086ee-44d2-4098-a1df-f809fbe8f6f2"},{"name":"Reviews","item":[{"name":"Get all Reviews","id":"2b4ffc65-96a0-455c-aa0f-365a8273f3d1","protocolProfileBehavior":{"disableBodyPruning":true},"request":{"method":"GET","header":[],"body":{"mode":"raw","raw":"","options":{"raw":{"language":"json"}}},"url":{"raw":"{{URL}}api/v1/reviews/","host":["{{URL}}api"],"path":["v1","reviews",""]}},"response":[]},{"name":"Add a Review","id":"0799b44d-e559-4c8c-a58f-920ab08366d6","protocolProfileBehavior":{"disableBodyPruning":true},"request":{"auth":{"type":"bearer","bearer":[{"key":"token","value":"{{jwt}}","type":"string"}]},"method":"POST","header":[],"body":{"mode":"raw","raw":"{\r\n    \"review\": \"Sample Review 2\",\r\n    \"rating\": 5,\r\n    \"tour\": \"5c88fa8cf4afda39709c2955\",\r\n    \"user\": \"652e9bf643d32e1e08dc8112\"\r\n}","options":{"raw":{"language":"json"}}},"url":{"raw":"{{URL}}api/v1/reviews/","host":["{{URL}}api"],"path":["v1","reviews",""]}},"response":[]},{"name":"Delete Review","id":"2ac1a9a9-8f0d-45ab-ad2c-0792a23c1acc","protocolProfileBehavior":{"disableBodyPruning":true},"request":{"method":"DELETE","header":[],"url":{"raw":"{{URL}}api/v1/reviews/","host":["{{URL}}api"],"path":["v1","reviews",""]}},"response":[]},{"name":"Patch","id":"5389b3c4-3005-4f98-adb5-f92b3ba494af","protocolProfileBehavior":{"disableBodyPruning":true},"request":{"method":"PATCH","header":[],"body":{"mode":"raw","raw":"{\r\n    \"review\": \"Updated Review\",\r\n    \"rating\": 5\r\n}","options":{"raw":{"language":"json"}}},"url":{"raw":"{{URL}}api/v1/reviews/5c88fa8cf4afda39709c2951","host":["{{URL}}api"],"path":["v1","reviews","5c88fa8cf4afda39709c2951"]}},"response":[]},{"name":"Get Review","id":"d88cccef-7d46-425e-97f0-fa1dd3d9c083","protocolProfileBehavior":{"disableBodyPruning":true},"request":{"method":"GET","header":[]},"response":[]},{"name":"Review Features","id":"dea08525-a044-40d5-92cd-0f7a3f8db7db","protocolProfileBehavior":{"disableBodyPruning":true},"request":{"method":"GET","header":[]},"response":[]}],"id":"728b61c2-380c-406d-93ee-c6bab453fdcb"}]}